slot_id,provider_id,slot_date,payer_network,status
S0001,P001,2026-09-21,Aetna,open
S0002,P001,2026-09-21,Aetna,open
S0003,P002,2026-09-21,Aetna,open
S0004,P002,2026-09-21,Aetna,open
S0005,P003,2026-09-21,Aetna,open
S0006,P003,2026-09-21,Aetna,open
S0007,P004,2026-09-21,Aetna,open
S0008,P004,2026-09-21,Aetna,open
S0009,P001,2026-09-22,Aetna,open
S0010,P001,2026-09-22,Aetna,open
S0011,P002,2026-09-22,Aetna,open
S0012,P002,2026-09-22,Aetna,open
S0013,P003,2026-09-22,Aetna,open
S0014,P003,2026-09-22,Aetna,open
S0015,P004,2026-09-22,Aetna,open
S0016,P004,2026-09-22,Aetna,open
S0017,P001,2026-09-23,Aetna,open
S0018,P001,2026-09-23,Aetna,open
S0019,P002,2026-09-23,Aetna,open
S0020,P002,2026-09-23,Aetna,open
S0021,P003,2026-09-23,Aetna,open
S0022,P003,2026-09-23,Aetna,open
S0023,P004,2026-09-23,Aetna,open
S0024,P004,2026-09-23,Aetna,open
S0025,P001,2026-09-24,Aetna,open
S0026,P001,2026-09-24,Aetna,open
S0027,P002,2026-09-24,Aetna,open
S0028,P002,2026-09-24,Aetna,open
S0029,P003,2026-09-24,Aetna,open
S0030,P003,2026-09-24,Aetna,open
S0031,P004,2026-09-24,Aetna,open
S0032,P004,2026-09-24,Aetna,open
S0033,P001,2026-09-25,Aetna,open
S0034,P001,2026-09-25,Aetna,open
S0035,P002,2026-09-25,Aetna,open
S0036,P002,2026-09-25,Aetna,open
S0037,P003,2026-09-25,Aetna,open
S0038,P003,2026-09-25,Aetna,open
S0039,P004,2026-09-25,Aetna,open
S0040,P004,2026-09-25,Aetna,open
S0041,P001,2026-09-26,Aetna,open
S0042,P001,2026-09-26,Aetna,open
S0043,P002,2026-09-26,Aetna,open
S0044,P002,2026-09-26,Aetna,open
S0045,P003,2026-09-26,Aetna,open
S0046,P003,2026-09-26,Aetna,open
S0047,P004,2026-09-26,Aetna,open
S0048,P004,2026-09-26,Aetna,open
S0049,P001,2026-09-27,Aetna,open
S0050,P001,2026-09-27,Aetna,open
S0051,P002,2026-09-27,Aetna,open
S0052,P002,2026-09-27,Aetna,open
S0053,P003,2026-09-27,Aetna,open
S0054,P003,2026-09-27,Aetna,open
S0055,P004,2026-09-27,Aetna,open
S0056,P004,2026-09-27,Aetna,open
S0057,P001,2026-09-28,Aetna,open
S0058,P001,2026-09-28,Aetna,open
S0059,P002,2026-09-28,Aetna,open
S0060,P002,2026-09-28,Aetna,open
S0061,P003,2026-09-28,Aetna,open
S0062,P003,2026-09-28,Aetna,open
S0063,P004,2026-09-28,Aetna,open
S0064,P004,2026-09-28,Aetna,open
S0065,P001,2026-09-29,Aetna,open
S0066,P001,2026-09-29,Aetna,open
S0067,P002,2026-09-29,Aetna,open
S0068,P002,2026-09-29,Aetna,open
S0069,P003,2026-09-29,Aetna,open
S0070,P003,2026-09-29,Aetna,open
S0071,P004,2026-09-29,Aetna,open
S0072,P004,2026-09-29,Aetna,open
S0073,P001,2026-09-30,Aetna,open
S0074,P001,2026-09-30,Aetna,open
S0075,P002,2026-09-30,Aetna,open
S0076,P002,2026-09-30,Aetna,open
S0077,P003,2026-09-30,Aetna,open
S0078,P003,2026-09-30,Aetna,open
S0079,P004,2026-09-30,Aetna,open
S0080,P004,2026-09-30,Aetna,open
S0081,P001,2026-10-01,Aetna,open
S0082,P001,2026-10-01,Aetna,open
S0083,P002,2026-10-01,Aetna,open
S0084,P002,2026-10-01,Aetna,open
S0085,P003,2026-10-01,Aetna,open
S0086,P003,2026-10-01,Aetna,open
S0087,P004,2026-10-01,Aetna,open
S0088,P004,2026-10-01,Aetna,open
S0089,P001,2026-10-02,Aetna,open
S0090,P001,2026-10-02,Aetna,open
S0091,P002,2026-10-02,Aetna,open
S0092,P002,2026-10-02,Aetna,open
S0093,P003,2026-10-02,Aetna,open
S0094,P003,2026-10-02,Aetna,open
S0095,P004,2026-10-02,Aetna,open
S0096,P004,2026-10-02,Aetna,open
S0097,P001,2026-10-03,Aetna,open
S0098,P001,2026-10-03,Aetna,open
S0099,P002,2026-10-03,Aetna,open
S0100,P002,2026-10-03,Aetna,open
S0101,P003,2026-10-03,Aetna,open
S0102,P003,2026-10-03,Aetna,open
S0103,P004,2026-10-03,Aetna,open
S0104,P004,2026-10-03,Aetna,open
S0105,P001,2026-10-04,Aetna,open
S0106,P001,2026-10-04,Aetna,open
S0107,P002,2026-10-04,Aetna,open
S0108,P002,2026-10-04,Aetna,open
S0109,P003,2026-10-04,Aetna,open
S0110,P003,2026-10-04,Aetna,open
S0111,P004,2026-10-04,Aetna,open
S0112,P004,2026-10-04,Aetna,open
